<Method>
  <APCI1>False</APCI1>
  <APCI2>False</APCI2>
  <ESI1>True</ESI1>
  <ESI2>False</ESI2>
  <PolaritySwitch>False</PolaritySwitch>
  <Original_File>C:\USERS\PUBLIC\Molana\Instrument\Project\MS Methods\S-300 Q2 PPG NEG Default.xml</Original_File>
  <Total_NumOf_Experiments>1</Total_NumOf_Experiments>
  <Sync_Mode>No_LC</Sync_Mode>
  <Equilibration>3000</Equilibration>
  <Q1_Calibration_File>DefaultCalibration</Q1_Calibration_File>
  <Q3_Calibration_File>DefaultCalibration</Q3_Calibration_File>
  <LensTable>
    <LensRow>
      <ChannelDescription>Detector Horn</ChannelDescription>
      <Voltages>5500</Voltages>
      <ChannelID>200</ChannelID>
    </LensRow>
    <LensRow>
      <ChannelDescription>Drying Gas</ChannelDescription>
      <Voltages>120</Voltages>
      <ChannelID>26</ChannelID>
    </LensRow>
    <LensRow>
      <ChannelDescription>Nebulizer Gas 1</ChannelDescription>
      <Voltages>90</Voltages>
      <ChannelID>27</ChannelID>
    </LensRow>
    <LensRow>
      <ChannelDescription>Heating Gas 1</ChannelDescription>
      <Voltages>0</Voltages>
      <ChannelID>29</ChannelID>
    </LensRow>
    <LensRow>
      <ChannelDescription>Nebulizer Gas 2</ChannelDescription>
      <Voltages>0</Voltages>
      <ChannelID>28</ChannelID>
    </LensRow>
    <LensRow>
      <ChannelDescription>Heating Gas 2</ChannelDescription>
      <Voltages>0</Voltages>
      <ChannelID>30</ChannelID>
    </LensRow>
    <LensRow>
      <ChannelDescription>Source Exhaust</ChannelDescription>
      <Voltages>500</Voltages>
      <ChannelID>42</ChannelID>
    </LensRow>
    <LensRow>
      <ChannelDescription>HSID Temperature</ChannelDescription>
      <Voltages>320</Voltages>
      <ChannelID>81</ChannelID>
    </LensRow>
    <LensRow>
      <ChannelDescription>Source 1 Temp</ChannelDescription>
      <Voltages>0</Voltages>
      <ChannelID>86</ChannelID>
    </LensRow>
    <LensRow>
      <ChannelDescription>Source 2 Temp</ChannelDescription>
      <Voltages>0</Voltages>
      <ChannelID>84</ChannelID>
    </LensRow>
    <LensRow>
      <ChannelDescription>Corona Discharge</ChannelDescription>
      <Voltages>0</Voltages>
      <ChannelID>202</ChannelID>
    </LensRow>
    <LensRow>
      <ChannelDescription>ElectroSpray V2</ChannelDescription>
      <Voltages>0</Voltages>
      <ChannelID>204</ChannelID>
    </LensRow>
  </LensTable>
  <Starting_Scan>1</Starting_Scan>
  <Num_Of_Scans>100</Num_Of_Scans>
  <Total_Num_Mass>400</Total_Num_Mass>
  <Experiment>
    <Experiment_Number>0</Experiment_Number>
    <Run_Mode>Q2FullScan</Run_Mode>
    <Polarity>Negative</Polarity>
    <Start_Time>0</Start_Time>
    <Stop_Time>402000</Stop_Time>
    <Num_Of_Cycles>100</Num_Of_Cycles>
    <Pause_Time>5000</Pause_Time>
    <Fixed_Mass>100.0000</Fixed_Mass>
    <Delay_Time>0</Delay_Time>
    <Mass_Defect>55</Mass_Defect>
    <Comment>
    </Comment>
    <Num_Of_MR>4</Num_Of_MR>
    <Dwell_Time>4020</Dwell_Time>
    <Num_Of_Mass>400</Num_Of_Mass>
    <LensTable>
      <LensRow>
        <ChannelDescription>Multipole 1 RF</ChannelDescription>
        <Voltages>450</Voltages>
        <ChannelID>3</ChannelID>
      </LensRow>
      <LensRow>
        <ChannelDescription>Entrance Voltage</ChannelDescription>
        <Voltages>-15</Voltages>
        <ChannelID>20</ChannelID>
      </LensRow>
      <LensRow>
        <ChannelDescription>Not Used 1</ChannelDescription>
        <Voltages>0</Voltages>
        <ChannelID>21</ChannelID>
      </LensRow>
      <LensRow>
        <ChannelDescription>Multipole 1</ChannelDescription>
        <Voltages>0</Voltages>
        <ChannelID>19</ChannelID>
      </LensRow>
      <LensRow>
        <ChannelDescription>Multipole Lens 1</ChannelDescription>
        <Voltages>0</Voltages>
        <ChannelID>18</ChannelID>
      </LensRow>
      <LensRow>
        <ChannelDescription>Multipole 2</ChannelDescription>
        <Voltages>0</Voltages>
        <ChannelID>22</ChannelID>
      </LensRow>
      <LensRow>
        <ChannelDescription>Multipole Lens 2</ChannelDescription>
        <Voltages>0</Voltages>
        <ChannelID>11</ChannelID>
      </LensRow>
      <LensRow>
        <ChannelDescription>Prefilter 1</ChannelDescription>
        <Voltages>15</Voltages>
        <ChannelID>12</ChannelID>
      </LensRow>
      <LensRow>
        <ChannelDescription>Quadrupole 1</ChannelDescription>
        <Voltages>1</Voltages>
        <ChannelID>6</ChannelID>
      </LensRow>
      <LensRow>
        <ChannelDescription>Collision Cell Lens 1</ChannelDescription>
        <Voltages>0</Voltages>
        <ChannelID>13</ChannelID>
      </LensRow>
      <LensRow>
        <ChannelDescription>Collision Cell Lens 2</ChannelDescription>
        <Voltages>100</Voltages>
        <ChannelID>14</ChannelID>
      </LensRow>
      <LensRow>
        <ChannelDescription>Collision Energy</ChannelDescription>
        <Voltages>15</Voltages>
        <ChannelID>23</ChannelID>
      </LensRow>
      <LensRow>
        <ChannelDescription>Axial Field</ChannelDescription>
        <Voltages>-100</Voltages>
        <ChannelID>10</ChannelID>
      </LensRow>
      <LensRow>
        <ChannelDescription>Collision Cell Lens 3</ChannelDescription>
        <Voltages>16</Voltages>
        <ChannelID>15</ChannelID>
      </LensRow>
      <LensRow>
        <ChannelDescription>Collision Cell Lens 4</ChannelDescription>
        <Voltages>35</Voltages>
        <ChannelID>16</ChannelID>
      </LensRow>
      <LensRow>
        <ChannelDescription>Quadrupole 2</ChannelDescription>
        <Voltages>17</Voltages>
        <ChannelID>8</ChannelID>
      </LensRow>
      <LensRow>
        <ChannelDescription>Detector Deflector</ChannelDescription>
        <Voltages>115</Voltages>
        <ChannelID>17</ChannelID>
      </LensRow>
      <LensRow>
        <ChannelDescription>Discriminator</ChannelDescription>
        <Voltages>15</Voltages>
        <ChannelID>32</ChannelID>
      </LensRow>
      <LensRow>
        <ChannelDescription>Detector Voltage</ChannelDescription>
        <Voltages>2000</Voltages>
        <ChannelID>34</ChannelID>
      </LensRow>
      <LensRow>
        <ChannelDescription>Collision Pressure</ChannelDescription>
        <Voltages>410</Voltages>
        <ChannelID>43</ChannelID>
      </LensRow>
      <LensRow>
        <ChannelDescription>ElectroSpray V1</ChannelDescription>
        <Voltages>-5000</Voltages>
        <ChannelID>203</ChannelID>
      </LensRow>
      <LensRow>
        <ChannelDescription>Curtain Cap</ChannelDescription>
        <Voltages>-1000</Voltages>
        <ChannelID>201</ChannelID>
      </LensRow>
    </LensTable>
    <Start_Index_In_MassString>0</Start_Index_In_MassString>
    <MassRanges>
      <MassRange>
        <Name>
        </Name>
        <Mass>45</Mass>
        <Width>10</Width>
        <Start_Mass>40</Start_Mass>
        <Stop_Mass>50</Stop_Mass>
        <Step_Size>0.1</Step_Size>
        <Num_Of_Steps>100</Num_Of_Steps>
        <Dwell_Time>10</Dwell_Time>
        <Resolution>Unit_Unit</Resolution>
        <Mass_Range_String>40.0000	40.1006	40.2011	40.3017	40.4022	40.5028	40.6033	40.7039	40.8044	40.9050	41.0055	41.1061	41.2066	41.3072	41.4077	41.5083	41.6088	41.7094	41.8099	41.9105	42.0110	42.1116	42.2121	42.3127	42.4132	42.5138	42.6143	42.7149	42.8154	42.9160	43.0165	43.1171	43.2176	43.3182	43.4187	43.5193	43.6198	43.7204	43.8209	43.9215	44.0220	44.1226	44.2231	44.3237	44.4242	44.5248	44.6253	44.7259	44.8264	44.9270	45.0275	45.1281	45.2286	45.3292	45.4297	45.5303	45.6308	45.7314	45.8319	45.9325	46.0330	46.1336	46.2341	46.3347	46.4352	46.5358	46.6363	46.7369	46.8374	46.9380	47.0385	47.1391	47.2396	47.3402	47.4407	47.5413	47.6418	47.7424	47.8429	47.9435	48.0440	48.1446	48.2451	48.3457	48.4462	48.5468	48.6473	48.7479	48.8484	48.9490	49.0495	49.1501	49.2506	49.3512	49.4517	49.5523	49.6528	49.7534	49.8539	49.9545	</Mass_Range_String>
        <ParamTable />
      </MassRange>
      <MassRange>
        <Name>
        </Name>
        <Mass>585</Mass>
        <Width>10</Width>
        <Start_Mass>580</Start_Mass>
        <Stop_Mass>590</Stop_Mass>
        <Step_Size>0.1</Step_Size>
        <Num_Of_Steps>100</Num_Of_Steps>
        <Dwell_Time>10</Dwell_Time>
        <Resolution>Unit_Unit</Resolution>
        <Mass_Range_String>580.0000	580.1006	580.2011	580.3017	580.4022	580.5028	580.6033	580.7039	580.8044	580.9050	581.0055	581.1061	581.2066	581.3072	581.4077	581.5083	581.6088	581.7094	581.8099	581.9105	582.0110	582.1116	582.2121	582.3127	582.4132	582.5138	582.6143	582.7149	582.8154	582.9160	583.0165	583.1171	583.2176	583.3182	583.4187	583.5193	583.6198	583.7204	583.8209	583.9215	584.0220	584.1226	584.2231	584.3237	584.4242	584.5248	584.6253	584.7259	584.8264	584.9270	585.0275	585.1281	585.2286	585.3292	585.4297	585.5303	585.6308	585.7314	585.8319	585.9325	586.0330	586.1336	586.2341	586.3347	586.4352	586.5358	586.6363	586.7369	586.8374	586.9380	587.0385	587.1391	587.2396	587.3402	587.4407	587.5413	587.6418	587.7424	587.8429	587.9435	588.0440	588.1446	588.2451	588.3457	588.4462	588.5468	588.6473	588.7479	588.8484	588.9490	589.0495	589.1501	589.2506	589.3512	589.4517	589.5523	589.6528	589.7534	589.8539	589.9545	</Mass_Range_String>
        <ParamTable />
      </MassRange>
      <MassRange>
        <Name>
        </Name>
        <Mass>643</Mass>
        <Width>10</Width>
        <Start_Mass>638</Start_Mass>
        <Stop_Mass>648</Stop_Mass>
        <Step_Size>0.1</Step_Size>
        <Num_Of_Steps>100</Num_Of_Steps>
        <Dwell_Time>10</Dwell_Time>
        <Resolution>Unit_Unit</Resolution>
        <Mass_Range_String>638.0000	638.1006	638.2011	638.3017	638.4022	638.5028	638.6033	638.7039	638.8044	638.9050	639.0055	639.1061	639.2066	639.3072	639.4077	639.5083	639.6088	639.7094	639.8099	639.9105	640.0110	640.1116	640.2121	640.3127	640.4132	640.5138	640.6143	640.7149	640.8154	640.9160	641.0165	641.1171	641.2176	641.3182	641.4187	641.5193	641.6198	641.7204	641.8209	641.9215	642.0220	642.1226	642.2231	642.3237	642.4242	642.5248	642.6253	642.7259	642.8264	642.9270	643.0275	643.1281	643.2286	643.3292	643.4297	643.5303	643.6308	643.7314	643.8319	643.9325	644.0330	644.1336	644.2341	644.3347	644.4352	644.5358	644.6363	644.7369	644.8374	644.9380	645.0385	645.1391	645.2396	645.3402	645.4407	645.5413	645.6418	645.7424	645.8429	645.9435	646.0440	646.1446	646.2451	646.3457	646.4462	646.5468	646.6473	646.7479	646.8484	646.9490	647.0495	647.1501	647.2506	647.3512	647.4517	647.5523	647.6528	647.7534	647.8539	647.9545	</Mass_Range_String>
        <ParamTable />
      </MassRange>
      <MassRange>
        <Name>
        </Name>
        <Mass>760</Mass>
        <Width>10</Width>
        <Start_Mass>755</Start_Mass>
        <Stop_Mass>765</Stop_Mass>
        <Step_Size>0.1</Step_Size>
        <Num_Of_Steps>100</Num_Of_Steps>
        <Dwell_Time>10</Dwell_Time>
        <Resolution>Unit_Unit</Resolution>
        <Mass_Range_String>755.0000	755.1006	755.2011	755.3017	755.4022	755.5028	755.6033	755.7039	755.8044	755.9050	756.0055	756.1061	756.2066	756.3072	756.4077	756.5083	756.6088	756.7094	756.8099	756.9105	757.0110	757.1116	757.2121	757.3127	757.4132	757.5138	757.6143	757.7149	757.8154	757.9160	758.0165	758.1171	758.2176	758.3182	758.4187	758.5193	758.6198	758.7204	758.8209	758.9215	759.0220	759.1226	759.2231	759.3237	759.4242	759.5248	759.6253	759.7259	759.8264	759.9270	760.0275	760.1281	760.2286	760.3292	760.4297	760.5303	760.6308	760.7314	760.8319	760.9325	761.0330	761.1336	761.2341	761.3347	761.4352	761.5358	761.6363	761.7369	761.8374	761.9380	762.0385	762.1391	762.2396	762.3402	762.4407	762.5413	762.6418	762.7424	762.8429	762.9435	763.0440	763.1446	763.2451	763.3457	763.4462	763.5468	763.6473	763.7479	763.8484	763.9490	764.0495	764.1501	764.2506	764.3512	764.4517	764.5523	764.6528	764.7534	764.8539	764.9545	</Mass_Range_String>
        <ParamTable />
      </MassRange>
    </MassRanges>
  </Experiment>
</Method>